"sample","MitoScore"
"SU2CLC-CLE-NIVO10-T1",3.13263026873459
"SU2CLC-CLE-NIVO18-T1",4.68922658244125
"SU2CLC-CLE-NIVO19-T1",5.11219899812964
"SU2CLC-CLE-NIVO2-T1",5.44011786714174
"SU2CLC-CLE-NIVO20-T1",4.84288486217672
"SU2CLC-CLE-NIVO21-T1",4.40709779905881
"SU2CLC-CLE-NIVO24-T1",3.59079670915597
"SU2CLC-CLE-NIVO3-T1",5.29197806393805
"SU2CLC-CLE-NIVO31-T1",1.76001766785769
"SU2CLC-CLE-NIVO47-T1",3.44235432186617
"SU2CLC-CLE-NIVO5-T1",5.47333032079955
"SU2CLC-CLE-NIVO52-T1",3.86440883693842
"SU2CLC-CLE-NIVO54-T1",4.96092742901589
"SU2CLC-CLE-NIVO61-T1",4.97911649810619
"SU2CLC-CLE-NIVO64-T1",2.78765429809605
"SU2CLC-CLE-NIVO65-T1",4.75517584083748
"SU2CLC-CLE-NIVO9-T1",5.01660132522961
"SU2CLC-COL-1001-T1",4.99607909953365
"SU2CLC-COL-1004-T1",5.12237110966607
"SU2CLC-COL-1005-T1",5.28411858079942
"SU2CLC-COL-1007-T1",5.1807518429958
"SU2CLC-COL-1008-T1",4.90790451179155
"SU2CLC-COL-1010-T1",5.36867438568841
"SU2CLC-COL-1016-T1",5.15816360612764
"SU2CLC-COL-1017-T1",5.36862976895755
"SU2CLC-COL-1018-T1",3.86113903793378
"SU2CLC-COL-1020-T1",4.10121694644886
"SU2CLC-COL-1021-T1",4.73434833649816
"SU2CLC-COL-1022-T1",5.08130735766182
"SU2CLC-COL-1023-T1",5.01975112476012
"SU2CLC-COL-1025-T1",5.68099563896578
"SU2CLC-COL-1026-T1",5.09116270351245
"SU2CLC-COL-1027-T1",4.83751574262727
"SU2CLC-COL-1029-T1",5.23969116650157
"SU2CLC-COL-1031-T1",4.73301700209996
"SU2CLC-COL-1032-T1",5.21072151818673
"SU2CLC-COL-1033-T1",4.81619141277133
"SU2CLC-COL-1034-T1",5.3754091042088
"SU2CLC-COL-1035-T1",4.32563242729338
"SU2CLC-COL-1036-T1",5.21092810509157
"SU2CLC-COL-1037-T1",4.88639283306347
"SU2CLC-COL-1038-T1",4.63530586594702
"SU2CLC-COL-1039-T2",5.32513231847202
"SU2CLC-COL-1041-T1",5.27293772348722
"SU2CLC-COL-1043-T2",5.4347625789927
"SU2CLC-COL-1044-T1",5.16489764460169
"SU2CLC-COL-1047-T1",5.57267230424263
"SU2CLC-DFC-1001-T1",4.74255190247614
"SU2CLC-DFC-1002-T1",4.71948970335068
"SU2CLC-DFC-1003-T1",4.60233115162715
"SU2CLC-DFC-1004-T1",5.39143242375312
"SU2CLC-DFC-1007-T1",5.18926372192381
"SU2CLC-DFC-1012-T1",4.93160059515908
"SU2CLC-DFC-1013-T1",5.46991153212559
"SU2CLC-DFC-1015-T2",5.13578034629923
"SU2CLC-DFC-1016-T1",4.64444665125545
"SU2CLC-DFC-1017-T2",5.24194408062337
"SU2CLC-DFC-1018-T1",4.06425859818717
"SU2CLC-DFC-1019-T1",5.01336300568695
"SU2CLC-DFC-1020-T1",4.54349442694153
"SU2CLC-DFC-1534-T1",4.89159645297454
"SU2CLC-DFC-1535-T1",5.08200081123001
"SU2CLC-DFC-1536-T1",4.84832853034912
"SU2CLC-DFC-1537-T1",5.02431949603902
"SU2CLC-DFC-1538-T1",4.8688535873189
"SU2CLC-DFC-1539-T1",5.3881214601552
"SU2CLC-DFC-DF0032-T1",5.17090797064833
"SU2CLC-DFC-DF0033-T1",4.84813934932931
"SU2CLC-DFC-DF0047-T1",4.73295563015249
"SU2CLC-DFC-DF0107-T1",4.76321210232579
"SU2CLC-DFC-DF0108-T1",4.49844644947812
"SU2CLC-DFC-DF0109-T1",5.06354651203334
"SU2CLC-DFC-DF0112-T1",5.15225836839866
"SU2CLC-DFC-DF0241-T1",4.10494826422628
"SU2CLC-DFC-DF0499-T1",5.42792154203126
"SU2CLC-DFC-DF0510-T1",5.33915793224589
"SU2CLC-DFC-DF0512-T1",4.96522607921046
"SU2CLC-DFC-DF0561-T1",4.98639394586754
"SU2CLC-DFC-DF0668-T1",4.85061199801459
"SU2CLC-DFC-DF0790-T1",4.74074884719534
"SU2CLC-DFC-DF0840-T1",4.95522338688154
"SU2CLC-MDA-1441-T1",4.38536752570253
"SU2CLC-MDA-1442-T1",4.60621213431276
"SU2CLC-MDA-1443-T1",5.10605116394976
"SU2CLC-MDA-1444-T1",4.84085602393724
"SU2CLC-MDA-1561-T1",4.8802018654065
"SU2CLC-MDA-1562-T1",5.00041785985233
"SU2CLC-MDA-1563-T1",5.19647943649618
"SU2CLC-MDA-1564-T1",1.82668392146147
"SU2CLC-MDA-1627-T1",4.5896021533436
"SU2CLC-MDA-1628-T1",5.18951455191602
"SU2CLC-MDA-1629-T1",4.35600685709778
"SU2CLC-MDA-1630-T1",4.63314128911656
"SU2CLC-MDA-1631-T1",5.36188356638685
"SU2CLC-MGH-1044-T1",5.26415796415505
"SU2CLC-MGH-1054-T2",5.91631281294026
"SU2CLC-MGH-1055-T1",4.18864859641429
"SU2CLC-MGH-1135-T2",5.05014214839356
"SU2CLC-MGH-1148-T1",5.05438268207913
"SU2CLC-MGH-1149-T1",4.92415815259458
"SU2CLC-MGH-1150-T1",4.81215762888094
"SU2CLC-MGH-1151-T1",4.93635410775195
"SU2CLC-MGH-1158-T1",5.66016419685319
"SU2CLC-MGH-1161-T2",4.86590433747265
"SU2CLC-MGH-1163-T1",5.05693990804528
"SU2CLC-MGH-1169-T1",5.38210144501897
"SU2CLC-MGH-1387-T1",4.97385397480878
"SU2CLC-MGH-1388-T1",1.02879324606236
"SU2CLC-MGH-1389-T1",4.88733679227317
"SU2CLC-MGH-1409-T1",4.8102753696003
"SU2CLC-MGH-1411-T1",5.06977790288044
"SU2CLC-MGH-1412-T1",5.25039976062596
"SU2CLC-MGH-1413-T1",4.96184760302294
"SU2CLC-MGH-1414-T1",4.72490242186467
"SU2CLC-MGH-1415-T1",5.26852714526998
"SU2CLC-MGH-1416-T1",5.06644806886535
"SU2CLC-MGH-1417-T1",4.1795363180203
"SU2CLC-MGH-1418-T1",5.50763214141677
"SU2CLC-MGH-1487-T1",3.2201634790358
"SU2CLC-MGH-1488-T1",5.05916708801673
"SU2CLC-MGH-1489-T1",3.90045436631836
"SU2CLC-MGH-1490-T1",5.51128992431219
"SU2CLC-MGH-1492-T1",5.07482621085166
"SU2CLC-MGH-1493-T1",4.43938568325319
"SU2CLC-MGH-1495-T1",4.62431077590506
"SU2CLC-MGH-1498-T1",5.29431170426517
"SU2CLC-MGH-1499-T1",4.50004752323961
"SU2CLC-MGH-1500-T1",4.18518797965899
"SU2CLC-MGH-1501-T1",5.57268139087335
"SU2CLC-MGH-1503-T1",5.35212551836545
"SU2CLC-MGH-1565-T1",5.1898862357157
"SU2CLC-MGH-1567-T1",5.89199689482459
"SU2CLC-MGH-1568-T1",5.03221765118943
"SU2CLC-MGH-1572-T1",5.37934288004389
"SU2CLC-MGH-1573-T1",4.8114046121866
"SU2CLC-MGH-1574-T1",4.37585847171288
"SU2CLC-MGH-1575-T1",5.01015129349542
"SU2CLC-MGH-1576-T1",5.20393634194947
"SU2CLC-MGH-1577-T1",4.20008972426462
"SU2CLC-MSK-1364-T1",5.03310128738004
"SU2CLC-MSK-1365-T1",4.04352996555252
"SU2CLC-MSK-A2009-T1",3.60712061636335
"SU2CLC-MSK-A2013-T1",4.63101846014769
"SU2CLC-MSK-A2014-T1",4.89708479174729
"SU2CLC-MSK-A2060-T1",4.51163809917577
"SU2CLC-MSK-A2075-T1",4.9643411486891
"SU2CLC-UCD-1124-T1",4.89747573656555
"SU2CLC-UCD-1137-T1",4.68385032433914
"SU2CLC-UCD-1142-T1",5.26353812901618
"SU2CLC-UCD-1143-T1",5.05716975880085
"SU2CLC-UCD-1557-T1",4.01604425435036
"SU2CLC-UCD-1560-T1",3.48214902899607
