"sample","AvgZscore"
"A183",0.285824137931035
"A185",-0.0203954022988506
"A186",-0.448212643678161
"A187",-0.205580459770115
"A188",0.0759551724137931
"A190",0.503902298850575
"A191",0.041483908045977
"A192",0.321370114942529
"A193",0.0504425287356322
"A194",-0.480640229885058
"A195",-0.53218275862069
"A196",-0.538497701149425
"A197",-0.112964367816092
"A198",0.167031034482759
"A199",-0.340698850574713
"A200",-0.0940252873563218
"A201",-0.822133333333333
"A202",-0.250120689655172
"A203",-0.155752873563218
"A204",-0.0245402298850575
"A205",-0.764508045977011
"A206",-0.340481609195402
"A207",-0.418075862068966
"A208",-0.406586206896552
"A209",-0.582649425287356
"A210",-0.55517816091954
"A211",-0.844760919540229
"A212",-0.933512643678161
"A213",-0.714171264367816
"A215",-0.634785057471265
"A216",0.452390804597701
"A217",-0.678580459770115
"A218",-0.817989655172414
"A219",-0.704685057471264
"A220",-0.512322988505747
"A221",-1.03479310344828
"A222",-0.756649425287356
"A274",-0.599909195402299
"A275",-0.870250574712643
"A276",-0.741029885057471
"A277",-0.602263218390805
"A278",-0.576858620689655
"A279",-0.630647126436781
"A280",-0.332686206896552
"A281",-0.35702183908046
"A282",-0.46615632183908
"A283",-0.820311494252874
"A284",-0.774058620689655
"A285",-0.541995402298851
"A214",0.29258275862069
"A234",-0.908309195402299
"A138",-0.752074712643678
"A006",-0.814914942528736
"A258",-0.603444827586207
"A259",-0.566011494252874
"A260",0.895591954022988
"A261",0.121540229885058
"A262",-0.23537816091954
"A263",-0.51373908045977
"A264",-0.273589655172414
"A265",-0.290542528735632
"A266",-0.245698850574713
"A267",-0.071383908045977
"A268",-0.85016091954023
"A269",-0.0508413793103448
"A270",-0.587457471264368
"A271",-0.937441379310345
"A273",-0.518610344827586
"A232",0.224571264367816
"A247",0.171926436781609
"A241",-0.0439080459770115
"A233",-0.144079310344828
"A177",0.0384747126436781
"A159",-0.0114206896551724
"A158",1.15117471264368
"A153",0.190190804597701
"A144",0.463891954022989
"A143",0.668337931034483
"A131",0.790933333333333
"A120",0.184934482758621
"A272",0.23744367816092
"A028",0.6348
"A021",-0.583187356321839
"A033",0.271228735632184
"A027",0.401577011494253
"A068",0.925632183908046
"A101",-0.307313793103448
"A072",0.484104597701149
"A074",0.157852873563218
"A100",0.64587816091954
"A102",0.0750701149425288
"A103",1.09724942528736
"A104",0.428036781609196
"A117",0.974724137931035
"A134",1.09382528735632
"A148",0.932991954022989
"A150",-0.403847126436781
"A156",0.0094793103448276
"A165",0.359208045977012
"A157",-0.493114942528736
"A162",0.184683908045977
"A163",0.241464367816092
"A243",0.508764367816092
"A182",0.041832183908046
"A255",-0.697831034482759
"A169",0.158928735632184
"A252",-1.09199655172414
"A239",-0.481536781609195
"A250",-0.499510344827586
"A240",-0.160688505747126
"A249",-0.261018390804598
"A322",0.137416091954023
"A306",-0.213913793103448
"A323",-0.319424137931035
"A307",0.278079310344828
"A380",-0.492583908045977
"A315",-0.391272413793104
"A377",0.17992183908046
"A375",-0.347952873563218
"A425",-0.162273563218391
"A316",0.149252873563218
"A379",0.438865517241379
"A483",0.803332183908046
"A486",1.09403448275862
"A488",0.910257471264368
"A490",1.48257931034483
"A492",-0.249170114942529
"A493",0.895736781609195
"A496",0.715070114942529
"A499",1.22544367816092
"A500",0.971232183908046
"A503",0.891651724137931
"A504",-0.481375862068965
"A015",0.599858620689655
"A062",1.12632298850575
"A037",0.937909195402299
"A066",0.614971264367816
"A310",0.815526436781609
"A320",0.685648275862069
"A426",0.606987356321839
"A381",1.05530804597701
"A428",0.194691954022988
"A430",0.358251724137931
"A432",0.640971264367816
"A434",0.925952873563218
"A508",1.63020344827586
"A509",0.0438344827586207
"A063",-0.237466666666667
"A168",1.01446551724138
"A433",0.17183908045977
"A112",-0.107097701149425
"A111",0.406324137931035
"A110",-0.420448275862069
"A124",0.0568137931034483
"A126",0.272158620689655
"A511",0.107201149425287
"A512",0.284057471264368
"A514",-0.197590804597701
"A517",-0.259763218390805
"A510",-0.15205632183908
"A524",-0.0879977011494253
"A522",-0.367503448275862
"A521",-0.223108045977011
"A519",0.132116091954023
"A534",0.254124137931035
"A530",-0.102488505747126
"A532",-0.12583908045977
"A538",-0.325601149425287
"A537",0.636870114942529
