WP_ELECTRON_TRANSPORT_CHAIN_OXPHOS_SYSTEM_IN_MITOCHONDRIA,REACTOME_MITOCHONDRIAL_BIOGENESIS,GOBP_and_REACTOME_overlap,Core Mitoscore
> Mitoscore,> Mitochondrial biogenesis,> Mitophagy,> Core Mitoscore
ATP5F1A,ACSS2,MAP1LC3B,COX5A
ATP5F1B,ALAS1,PINK1,COX5B
ATP5F1C,APOO,MFN2,NDUFA10
ATP5F1D,APOOL,VDAC1,NDUFA12
ATP5F1E,ATF2,SQSTM1,NDUFA9
ATP5IF1,ATP5F1A,TOMM7,NDUFAB1
ATP5MC1,ATP5F1B,PRKN,NDUFB3
ATP5MC2,ATP5F1C,,NDUFB5
ATP5MC3,ATP5F1D,,NDUFS1
ATP5ME,ATP5F1E,,NDUFS2
ATP5MF,ATP5MC1,,NDUFS6
ATP5MG,ATP5MC2,,NDUFV1
ATP5PB,ATP5MC3,,SDHA
ATP5PD,ATP5ME,,SDHB
ATP5PF,ATP5MF,,SHDC
ATP5PO,ATP5MG,,SDHD
COX11,ATP5PB,,
COX15,ATP5PD,,
COX17,ATP5PF,,
COX4I1,ATP5PO,,
COX5A,CALM1,,
COX5B,CAMK4,,
COX6A1,CARM1,,
COX6A2,CHCHD3,,
COX6B1,CHCHD6,,
COX6C,CHD9,,
COX7A1,CREB1,,
COX7A2,CREBBP,,
COX7A2L,CRTC1,,
COX7B,CRTC2,,
COX7C,CRTC3,,
COX8A,CYCS,,
DMAC2L,DMAC2L,,
MIR4691,DNAJC11,,
MIR7113,ESRRA,,
NDUFA1,GABPA,,
NDUFA10,GABPB1,,
NDUFA12,GLUD1,,
NDUFA2,GLUD2,,
NDUFA3,HCFC1,,
NDUFA4,HDAC3,,
NDUFA5,HELZ2,,
NDUFA6,HSPA9,,
NDUFA7,IDH2,,
NDUFA8,IMMT,,
NDUFA9,MAPK11,,
NDUFAB1,MAPK12,,
NDUFB1,MAPK14,,
NDUFB10,MED1,,
NDUFB2,MEF2C,,
NDUFB3,MEF2D,,
NDUFB4,MICOS10,,
NDUFB5,MICOS13,,
NDUFB6,MTERF1,,
NDUFB7,MTX1,,
NDUFB8,MTX2,,
NDUFB9,NCOA1,,
NDUFC1,NCOA2,,
NDUFC2,NCOA6,,
NDUFS1,NCOR1,,
NDUFS2,NR1D1,,
NDUFS3,NRF1,,
NDUFS4,PERM1,,
NDUFS5,POLG2,,
NDUFS6,POLRMT,,
NDUFS7,PPARA,,
NDUFS8,PPARGC1A,,
NDUFV1,PPARGC1B,,
NDUFV2,PPRC1,,
NDUFV3,PRKAA2,,
SCO1,PRKAB1,,
SDHA,PRKAB2,,
SDHB,PRKAG1,,
SDHC,PRKAG2,,
SDHD,PRKAG3,,
SLC25A14,RXRA,,
SLC25A27,SAMM50,,
SLC25A4,SIRT3,,
SLC25A5,SIRT4,,
SLC25A6,SIRT5,,
SNORD138,SMARCD3,,
SURF1,SOD2,,
UCP1,SSBP1,,
UCP2,TBL1X,,
UCP3,TBL1XR1,,
UQCR10,TFAM,,
UQCR11,TFB1M,,
UQCRB,TFB2M,,
UQCRC1,TGS1,,
UQCRC2,TMEM11,,
UQCRFS1,TWNK,,
UQCRH,USP46,,
UQCRQ,,,
