"sample","MitoScore","buffa.score","NDUFB5.TPM"
"AZSFJ00239",9.62409203810091,-36,42.75
"AZSFJ00241",9.5909289336922,-6,64.9
"AZSFJ00244",9.54359854881907,-28,37.85
"AZSFJ00245",11.5817514415495,28,67.75
"AZSFJ00261",11.0208574386495,6,62.34
"AZSFJ00264",10.2637632106555,18,45.47
"AZSFL01923",11.0134145063634,4,42.78
"AZSFL01932",10.3836589308449,16,76.6
"AZSFL01935",10.5143842874296,-4,37.67
"AZSFL01938",10.3362860086102,-14,22.44
"AZSFL01939",11.268221097001,22,38.5
"FT-SA162886R",10.4123120884155,-8,110.54
"FT-SA170689R",10.5259161068608,6,72.02
"FT-SA170693R",9.7884481956873,-14,22.71
"FT-SA170702R",9.55846617667335,-16,34.81
"FT-SA170715R",10.3366529839041,20,45.53
"FT-SA170725R",10.9844413860337,12,89.62
"FT-SA185775R",9.96738781462612,-20,34.8
"FT-SA185780R",10.5759240700634,-24,47.38
"FT-SA185789R",11.1408751025017,12,143.03
"FT-SA185795R",10.2105224123631,0,46.63
"FT-SA185797R",12.1168093866964,24,320.38
"FT-SA185801R",11.073868061547,-10,58.06
"FT-SA185818R",10.1515081886317,26,77.3
"FT-SA185827R",11.6083641037056,6,54.55
"FT-SA185831R",11.7088286521939,-16,234.25
"FT-SA185834R",11.1338433488486,-2,99.44
"FT-SA185837R",11.5197985982288,12,260.63
"FT-SA202461R",9.40365561206415,-28,67.44
"FT-SA202463R",9.60878952025698,4,97.29
"FT-SA202465R",9.32242800625584,-40,41.83
"FT-SA202466R",9.64451324223156,-14,65.1
"FT-SA202469R",9.32224324364564,-8,94.58
"FT-SA202470R",9.48985246986218,-26,74.04
"FT-SA202471R",8.60643765233979,-42,50.61
"FT-SA202477R",9.110161524054,-44,114.17
"FT-SA202478R",8.95681375321159,-44,92.77
"FT-SA202482R",8.88442591750017,-44,39.61
"FT-SA202483R",9.29858819541603,-40,65.32
"FT-SA202490R",9.26863158945914,-44,58.67
"FT-SA202491R",9.39090265280331,-10,113.89
"FT-SA202492R",9.084843015335,-40,49.33
"FT-SA202495R",8.93966612984506,-44,45.63
"FT-SA202499R",9.95541084297281,8,77.14
"FT-SA202500R",9.53412479283539,-40,41.55
"FT-SA202501R",9.64127008515069,-24,57.02
"FT-SA202511R",8.83174708779935,-44,38.57
"FT-SA202514R",9.5579873093339,-28,45.48
"FT-SA202521R",9.80969583063384,-32,64.36
"FT-SA202522R",9.92328433056371,4,145.51
"FT-SA202527R",9.9779910291859,-34,74.86
"FT-SA202531R",10.1951425538747,10,84.8
"FT-SA202539R",10.7476722667783,22,63.76
"FT-SA205562R",9.03377595625459,-34,70.15
"FT-SA205565R",9.14209105481113,-40,53.72
"FT-SA205566R",9.47994794061724,-24,63.39
"FT-SA205568R",9.40720694436491,-18,64.22
"FT-SA205569R",9.04301231405054,-6,107.07
"FT-SA205570R",8.68215896753017,-42,88.94
"FT-SA205572R",9.64239860885508,-38,69.99
"FT-SA205573R",9.24043341584267,-24,66.66
"FT-SA205578R",10.1232639169033,8,66.42
"FT-SA205580R",9.56345042808668,-26,64.26
"FT-SA205586R",9.15337316375927,-26,41.63
"FT-SA205594R",9.60795042515619,-42,65.15
"FT-SA205595R",8.96306448006693,-42,37.2
"FT-SA205596R",9.50383008847381,-16,91.53
"FT-SA205599R",9.6946463527616,2,239.85
"FT-SA205600R",9.06866494351966,-42,42.45
"FT-SA205602R",8.95233080971003,-42,49.77
"FT-SA205603R",9.61682334217932,-42,54.91
"FT-SA205604R",9.39161078925033,-36,44.61
"FT-SA205605R",9.69361074443383,-38,73.64
"FT-SA205606R",10.6816087312526,12,92.65
"FT-SA205608R",9.61145714585996,-42,41
"FT-SA205609R",9.9546196932782,2,58.17
"FT-SA205611R",9.83227955554838,-38,38.57
"FT-SA205612R",9.74920022705577,-22,41.98
"FT-SA205615R",9.97621785975765,26,117.77
"FT-SA205617R",10.0529005053599,-34,56.45
"FT-SA205629R",9.74532654543307,-14,85.35
"FT-SA205640R",9.57112265808699,-40,42.9
"FT-SA239552R",9.0008008670775,-36,95.63
"FT-SA239554R",9.26030057137771,-26,85.9
"FT-SA239555R",9.30829469787564,-30,104.05
"FT-SA239557R",9.58411240000343,-40,60.72
"FT-SA239559R",9.88452636633604,-18,87.97
"FT-SA239560R",9.30935915504975,-42,75.21
"FT-SA239561R",11.2661799838125,22,45.77
"FT-SA239568R",9.62274606234295,-32,54.01
"FT-SA239590R",9.06580815233558,-26,56.51
"FT-SA239591R",9.76512221178188,-22,158.36
"FT-SA239592R",9.20483541254093,-24,86.98
"FT-SA239593R",9.01569875000185,-18,60.34
"FT-SA239594R",9.7864360529991,-36,131.94
"FT-SA239595R",9.03044094250693,-38,53.92
"FT-SA251574R",9.66524155069751,-6,98.07
"FT-SA251575R",9.61723803648687,-20,104.91
"FT-SA251578R",9.9304698781696,-34,33.73
"FT-SA251579R",9.77672343083479,-26,55.62
"FT-SA251583R",9.66299473302142,-30,72.04
"FT-SA251584R",9.77089629744569,-28,174.29
"FT-SA251587R",9.55274441805828,-18,121.42
"FT-SA251589R",9.54958973641984,-32,37.48
"FT-SA251591R",9.5162087717706,-40,75.21
"FT-SA251593R",9.91644900591152,-34,35.11
"FT-SA251595R",9.60076429081059,-28,65.79
"FT-SA251597R",10.0991175071365,-4,162.1
"FT-SA251598R",9.38217920849152,-34,40.9
"FT-SA251602R",9.97351180805588,-12,87.01
"FT-SA251603R",9.73522376419047,-26,79.44
"FT-SA251609R",9.58633423547333,-28,57.21
"FT-SA251611R",9.8922203323972,-4,70.53
"FT-SA251613R",10.2091277495643,-6,54.63
"FT-SA251619R",10.2070377395744,-14,84.23
"FT-SA251620R",10.4924396653448,-4,170.91
"FT-SA251622R",9.13675574759383,-38,80.97
"FT-SA251625R",9.65436503395956,-34,102.83
"FT-SA251626R",10.6505449168493,8,228.73
"FT-SA251627R",10.2792191912795,-6,113.69
"FT-SA251628R",10.3990416374692,-14,117.7
"FT-SA251629R",9.77866149203892,-20,136.01
"FT-SA251630R",9.79420298827145,-26,115.17
"FT-SA251632R",9.66892939433123,-16,109.06
"FT-SA251634R",10.322193641856,-32,71.54
"FT-SA251637R",10.3978607723564,-18,177.26
"FT-SA251639R",9.51815042914666,-24,958.87
"FT-SA251640R",9.75048992370401,-38,80.88
"FT-SA251641R",10.040222582926,-28,90.61
"FT-SA251645R",10.1567744199238,-10,95.04
"FT-SA258890R",8.71917525718954,-40,27.18
"FT-SA258894R",8.64779600727139,-44,49.62
"FT-SA258896R",8.8167750241689,-42,23.15
"FT-SA258900R",8.82987605721161,-30,81.55
"FT-SA258926R",9.24628693081408,-44,38.47
"FT-SA258927R",9.47513186988188,-44,29.34
"FT-SA258929R",9.3991017115605,-42,34.22
"FT-SA258932R",9.90403471976033,-32,48.62
"FT-SA258933R",10.1396431759194,-34,67.25
"FT-SA258940R",10.2708137193945,-24,41.9
"FT-SA273702R",9.83198019873847,-8,29.64
"FT-SA273707R",8.9410379392917,-40,32.98
"FT-SA273711R",9.46857228259601,4,33.2
"FT-SA273715R",9.31454176213441,-40,25.2
"FT-SA273716R",9.64266124431837,-44,36.47
"FT-SA273727R",10.2471875258777,26,51.51
"FT-SA273729R",10.2253901745916,-30,18.7
"FT-SA327715R",10.926051779701,20,95.37
"FT-SA327716R",10.3788891665452,-8,96.29
"FT-SA327717R",10.7453952820334,-32,57.34
"FT-SA327718R",9.31246450061797,-32,89.62
"FT-SA327719R",9.5529201742676,-30,58.99
"FT-SA327720R",10.1399390360603,30,68.17
"FT-SA327752R",10.295619140811,-8,199.39
"FT-SA327760R",9.35611397338769,-30,30.6
"FT-SA327761R",9.5343798339966,-16,59.49
"SL218335",9.51049755623302,-20,3.81
"SL218351",10.7020692935079,16,18.34
"SL242330",10.7786387949359,24,13.5
"SL242339",10.8435651644194,32,49.74
"SL242346",9.58742048264105,-10,22.14
"SL242356",9.69081887994418,-34,17.27
"SL242378",10.1729698196492,0,18.4
"SL242386",10.909078063731,36,48.87
"SL242387",10.5842311287064,12,18.17
"SL242391",10.5487705296002,32,89.9
"SL242455",10.608413855421,22,38.77
"SL243563",10.5398817964617,14,24.92
"SL243564",10.6519814226185,30,21.51
"SL243572",10.3857664556611,24,25.02
"SL243587",10.4263615806182,10,39.58
"SL243588",10.1921708738625,10,22.89
"SL243607",11.0293911521203,32,67.27
"SL250175",10.1999080108574,4,17.25
"SL254406",8.70908358534838,-42,24.08
"SL254410",8.86856509752262,-28,59.51
"SL255305",8.35453423257297,-40,32.1
"SL255309",9.281087666644,-40,42.66
"SL255310",9.62406370629408,-20,37.86
"SL255312",9.95497464946633,6,66.77
"SL255344",8.86242331062482,-44,41.94
"SL255347",7.4414653142071,-44,17.58
"SL256562",7.60760757984793,-38,38.44
"SL256568",8.47102289320179,-38,13.2
"SL257380",9.44883480345761,-2,14.86
"SL257408",9.1521840698305,-12,50.94
"SL257412",9.76779255164566,-2,54.76
"SL257413",8.2098768134105,-26,16.93
"SL257414",9.43721092423148,-30,32.09
"SL257415",6.42551548725013,-36,48.86
"SL257901",10.5343456806715,-2,49.7
"SL271853",9.96042811937283,-8,14.27
"SL271882",9.82529807444031,8,11.21
"SL271887",10.5667338087646,32,81.64
"SL271904",10.6888490579797,8,61.49
"SL310653",9.66866600440828,-40,15.81
"SL310669",10.0722760647061,-32,37.79
"SL310688",9.48574853354962,-30,22.98
"SL316680",10.3542691845625,2,16.32
"SL330200",9.7433229526223,-30,13.56
"SL330257",11.4842937352274,32,42.83
"SL330275",11.9175465024944,12,24.38
"SL331579",10.6660218050259,20,23.19
"SL337316",10.9740481242141,40,30.3
"SL337318",11.5109434195668,32,43.39
"SL337319",10.6862268883664,8,12.72
"SL337320",11.2337446945358,30,28
"SL337366",11.7061439221404,36,49.78
"SL341283",10.6421220523925,34,12.64
"SL341286",11.0796572747174,36,29.76
"SL341336",11.7704664951711,40,46.49
"SL342653",10.8944143670033,34,20.32
"SL342685",10.2734401467754,26,31.61
"SL342692",11.4518882064028,22,56.5
"SL342699",10.9907196185985,28,29.57
"SL342711",11.6336587298739,32,49.77
"SL342728",11.5919894191634,26,47.75
"SL342734",11.1760948685938,30,31.94
"SL342738",11.3876169220574,38,184.23
"SL346383",11.0622250447489,32,34.8
"SL346439",10.7932007891908,24,356.81
"SL346443",10.8851154902358,40,87.63
"SL362823",10.9053892195077,40,69.92
"SL362848",11.4315024613517,12,61.46
"SL362849",11.6676579080849,34,125.91
"SL371031",10.7798956917381,16,18.46
"SL371032",11.2716111731367,30,26.63
"SL371034",10.5856743303563,34,27.73
"SL371035",11.0769598161385,8,19.28
"SL371088",11.2545996459198,2,52.41
"SL371089",11.0549610255731,42,29.1
"SL371092",11.9898584394139,38,83.64
"SL371493",9.73407711287235,-24,77.2
"SL371496",9.65555361537163,-22,41.62
"SL371498",10.4707035981492,18,52.36
"SL371508",9.87167962610072,2,181.3
"SL371511",10.0044496564837,18,65.56
"SL371512",10.7845008578694,34,69.03
"SL371513",10.0366163846443,14,45.02
"SL371518",10.3111158667332,-26,55.28
"SL371521",10.6947120414271,26,36.04
"SL371524",10.2878280107247,6,38.49
"SL371527",10.8523975902976,28,39.6
"SL371529",10.8996661214278,26,199.51
"SL371530",10.8966748469567,36,77.75
"SL371531",10.4927990796512,22,121.86
"SL371532",10.7865383156726,40,54.61
"SL371535",9.65815975413467,-16,44.76
"SL371549",10.4792084188133,20,60.86
"SL371550",10.4381234602724,-8,52.44
"SL371551",10.2888852012533,10,57.94
"SL371552",10.2914965985169,-12,20.48
"SL371555",11.0073554283208,42,56.99
"SL371556",10.9869359991399,22,51.1
"SL371564",10.247588598832,22,45.86
"SL371565",11.2050538686488,38,92.7
"SL371568",10.2914892654045,20,74.14
"SL372344",10.6164613756088,42,68.01
"SL372364",10.215137670297,-2,43.22
"SL372384",10.3300786470615,30,94.56
"SL372413",10.5456981990157,32,91.92
"SL372431",10.9960149625065,36,77.6
"SL372437",10.6406422253671,24,84.53
"SL372441",10.4219476580132,36,59.96
"SL372455",10.3543728496552,-4,74.67
"SL372477",10.6396807307135,10,31.35
"SL373410",11.345712196488,40,58.27
"SL375696",10.2376944783465,22,28.38
"SL375697",9.67332179050817,2,55.77
"SL375717",10.1097300201634,-4,88.62
"SL375718",10.2085253046149,38,60.16
"SL375719",11.1086451880872,-4,82.22
"SL375753",9.8933306254011,2,128.58
"SL376863",9.9237995984747,16,62.63
"SL376908",11.2105897239055,26,210.39
"SL376931",10.3766913616595,24,81.73
"SL378300",10.1136699541227,8,65.14
"SL378321",8.92344864371568,-36,32.56
"SL378322",10.536506747668,-20,31.04
"SL378323",9.51626413721891,-24,69.46
"SL378327",10.7159751074083,26,27.2
"SL378328",11.0411082110601,42,108.85
"SL378329",10.8061227343946,16,40.58
"SL378330",10.5518215161467,-8,42.85
"SL378332",11.6370394025338,30,77.6
"SL378344",10.5224055418629,30,102.82
"SL378345",10.0633136197408,-14,53.94
"SL378346",10.1046929290975,-36,46.44
"SL378349",10.2416242983661,-16,27.34
"SL378366",10.7280646378486,-14,45.17
"SL378368",11.3650133797642,44,73.74
"SL378369",9.84885509502354,2,85.31
"SL378370",10.3894395404124,-10,52.87
"SL378371",10.5601004754995,40,65.83
"SL378372",10.562098146893,0,56.48
"SL380052",10.3522493654044,20,32.44
"SL387120",10.4472507145188,12,31.48
"SL387127",10.3313517187563,-22,14.11
"SL387173",10.77095184652,14,31.36
"SL387175",11.6187214158252,40,49.89
"SL387193",11.4625801285283,8,62.85
"SL387201",11.169913667356,36,45.52
"SL387209",10.5558311580816,34,44.96
"SL387316",10.8575443526213,38,32.09
"SL387396",11.1925555570314,18,70.88
"SL394537",11.251327289811,40,46.85
"SL394539",10.6151147778444,30,42.07
"SL394540",10.7612822697733,36,18.74
"SL394562",9.98151967827915,-22,26.42
"SL394569",11.3455140758562,44,157.72
"SL394570",11.7018345013261,40,81.14
"SL394589",11.4218079866758,30,70.64
"SL398269",10.4646952204007,6,53.71
"SL398425",10.7932797288016,34,122.11
"SL398427",10.8458323100776,34,105.32
"SL398428",10.7590327314805,24,82.81
"SL398429",10.4045379360501,32,59.66
"SL398430",10.3588326247661,8,24.38
"SL398431",10.6431449367551,16,68.2
"SL398432",10.5183319065824,14,57.97
"SL398433",10.1507984002341,-18,46.86
"SL398434",10.4038573634228,12,41.71
"SL398437",10.6471775318014,12,60.69
"SL398441",11.0412096112287,20,56.24
"SL398442",10.4705235510155,32,50.37
"SL398443",11.1326385293395,30,183.05
"SL398468",11.3675681069742,40,69.59
"SL398469",10.2112481893119,-28,45.19
"SL398488",10.7630442599169,34,38.69
"SL398489",11.0298767963478,30,91.11
"SL398493",10.7083590059764,4,30.09
"SL398494",10.676139489362,30,51.82
"SL398509",11.0801156865162,36,125.96
"SL411676",9.5071218282439,-38,58.33
"SL411685",10.137830627861,24,98.84
"SL411725",9.71110823112194,-30,25.02
"SL411736",11.1615139991456,30,81.14
"SL416504",9.52794599745072,-34,31.07
"SL420713",10.9877687816137,32,61.89
"SL424179",10.1495400313421,6,72.04
"SL424181",10.2169640682169,28,62.35
"SL424204",10.6492418572367,-14,39.66
"SL424206",10.1481794940945,12,45.91
"SL424227",10.7403533694819,24,45.05
"SL424228",11.7500702352775,32,204.16
"SL424231",11.8698540392667,42,174.45
"SL536420",10.4017641284121,-2,14.31
"SL536428",10.1053841074906,-10,16.01
"SL542750",9.96680245556405,6,13.46
"SL542756",10.5277449503487,24,30.74
"SL542762",10.8217475214632,24,22.99
"SL542766",10.4525205012813,22,21.16
"SL542769",10.4981686039324,8,25.6
"SL542771",10.3080216978314,-12,10.71
"SL542784",10.6528177145032,24,19.43
"SL555515",10.6023702852907,4,28.06
"SL558527",10.5726745855723,16,43.65
"SL558825",10.5067410149709,32,69.95
"SL558846",10.9505317862482,0,53.44
"SL558847",10.3816885897031,-20,38.37
"SL558901",10.2382935351145,14,95.43
"SL558904",10.3446708438144,16,74.6
"SL558911",10.4196684609256,14,63.08
"SL558914",10.4892988174095,22,41.87
"SL558925",10.1854684212125,-8,41.4
"SL558929",10.7439263528918,38,75.82
"SL558932",11.0358604432156,40,78.99
"SL558947",10.5004001289825,12,46.9
"SL558949",10.566472700411,30,120.63
"SL567583",10.556048367801,-14,30.74
"SL567585",10.9094596097187,34,64.98
"SL567586",10.2617038520557,-26,44.52
"SL567589",10.1330977410363,-24,42.58
"SL567590",10.7703163867531,14,112.66
"SL567592",10.7821256360209,18,77.73
"SL567593",10.4248326516014,42,124.85
"SL600900",10.0285103241345,-26,66.38
"SL619870",11.347269034146,36,373.48
"SL652404",11.0355540043984,2,13.69
"SL652405",10.9265270873229,30,35.2
"SL652431",11.4529040293494,36,143.93
"SL652438",11.06602657091,40,209.03
"SL656435",10.3734733993809,-6,46.3
"SL656463",10.3269724409367,0,42.65
"SL656464",10.4066765455355,32,29.57
"SL656465",10.6105470798285,38,69.06
"SL656467",10.3126622159063,-30,38.35
"SL656495",10.4090039501348,36,33.6
"SL660622",10.3937552864308,14,51.52
"SL660623",10.4036777683289,2,36.6
"SL660624",10.4890697512359,26,48.03
"SL660639",10.6618047882177,28,177.89
"SL660643",10.3581382042388,12,35.16
"SL660644",10.2898691223138,32,49.3
"SL660663",10.756000550168,10,54.17
"SL660664",10.6464545961582,2,42.05
"SL660666",10.2249330393025,-20,27.28
"SL660688",10.7740453435445,38,49
"SL663183",9.95468259452932,-8,81.85
"SL663210",10.8273524740478,6,34.33
"SL663231",10.8372976708901,10,40.25
"SL663233",11.0754950564772,24,57.74
"SL663254",10.3122141171704,-8,22.83
