"sample","MitoScore","buffa.score","NDUFB5.TPM","MitoScore.TPM","buffa.score.TPM"
"AZSFJ00239",9.62409203810091,-36,42.75,5.35326529774821,6
"AZSFJ00241",9.5909289336922,-6,64.9,5.32090994684872,32
"AZSFJ00244",9.54359854881907,-28,37.85,5.17224395092612,16
"AZSFJ00245",11.5817514415495,28,67.75,6.32127419165357,32
"AZSFJ00261",11.0208574386495,6,62.34,5.50495766999418,-12
"AZSFJ00264",10.2637632106555,18,45.47,5.14252824864523,28
"AZSFL01923",11.0134145063634,4,42.78,5.27546681243365,-22
"AZSFL01932",10.3836589308449,16,76.6,5.37937815031719,16
"AZSFL01935",10.5143842874296,-4,37.67,5.02907004060349,-20
"AZSFL01938",10.3362860086102,-14,22.44,4.57896052692415,-36
"AZSFL01939",11.268221097001,22,38.5,5.15625111654432,-16
"FT-SA162886R",10.4123120884155,-8,110.54,5.4424672544602,12
"FT-SA170689R",10.5259161068608,6,72.02,4.98765371978552,-6
"FT-SA170693R",9.7884481956873,-14,22.71,4.23982802345548,-24
"FT-SA170702R",9.55846617667335,-16,34.81,4.25840013661519,-24
"FT-SA170715R",10.3366529839041,20,45.53,5.04392656579326,22
"FT-SA170725R",10.9844413860337,12,89.62,5.31171588065152,-2
"FT-SA185775R",9.96738781462612,-20,34.8,4.28934006011684,-26
"FT-SA185780R",10.5759240700634,-24,47.38,4.69715877036266,-30
"FT-SA185789R",11.1408751025017,12,143.03,5.46345460891765,-2
"FT-SA185795R",10.2105224123631,0,46.63,4.63098540472718,-16
"FT-SA185797R",12.1168093866964,24,320.38,6.2178792073751,10
"FT-SA185801R",11.073868061547,-10,58.06,5.09875036602618,-22
"FT-SA185818R",10.1515081886317,26,77.3,5.28726282567189,36
"FT-SA185827R",11.6083641037056,6,54.55,4.6219405296894,-22
"FT-SA185831R",11.7088286521939,-16,234.25,5.88439209899504,-24
"FT-SA185834R",11.1338433488486,-2,99.44,4.89102833733869,-34
"FT-SA185837R",11.5197985982288,12,260.63,5.75108197593787,0
"FT-SA202461R",9.40365561206415,-28,67.44,4.51945691730667,-10
"FT-SA202463R",9.60878952025698,4,97.29,4.81026442800216,26
"FT-SA202465R",9.32242800625584,-40,41.83,4.69651428661535,-22
"FT-SA202466R",9.64451324223156,-14,65.1,4.87380353031875,-8
"FT-SA202469R",9.32224324364564,-8,94.58,5.08310285126681,32
"FT-SA202470R",9.48985246986218,-26,74.04,5.31012951216488,22
"FT-SA202471R",8.60643765233979,-42,50.61,4.51243510646612,-22
"FT-SA202477R",9.110161524054,-44,114.17,5.20584271095773,4
"FT-SA202478R",8.95681375321159,-44,92.77,4.84329070350007,-26
"FT-SA202482R",8.88442591750017,-44,39.61,4.5577676516807,-24
"FT-SA202483R",9.29858819541603,-40,65.32,4.93980217163523,-12
"FT-SA202490R",9.26863158945914,-44,58.67,4.80969909131796,-10
"FT-SA202491R",9.39090265280331,-10,113.89,5.37259356385399,32
"FT-SA202492R",9.084843015335,-40,49.33,4.92923833723991,2
"FT-SA202495R",8.93966612984506,-44,45.63,4.62011273364746,-30
"FT-SA202499R",9.95541084297281,8,77.14,5.47939320255388,34
"FT-SA202500R",9.53412479283539,-40,41.55,4.7946070290361,-26
"FT-SA202501R",9.64127008515069,-24,57.02,4.71490041164434,-8
"FT-SA202511R",8.83174708779935,-44,38.57,4.58825304349067,-24
"FT-SA202514R",9.5579873093339,-28,45.48,5.00752252734407,20
"FT-SA202521R",9.80969583063384,-32,64.36,5.16002328720628,0
"FT-SA202522R",9.92328433056371,4,145.51,4.92628071831323,18
"FT-SA202527R",9.9779910291859,-34,74.86,5.23428681211203,2
"FT-SA202531R",10.1951425538747,10,84.8,5.50983664727524,40
"FT-SA202539R",10.7476722667783,22,63.76,5.17174845531951,10
"FT-SA205562R",9.03377595625459,-34,70.15,4.78646837131818,24
"FT-SA205565R",9.14209105481113,-40,53.72,4.9624369890095,-16
"FT-SA205566R",9.47994794061724,-24,63.39,5.13966896161943,12
"FT-SA205568R",9.40720694436491,-18,64.22,5.21062831514807,28
"FT-SA205569R",9.04301231405054,-6,107.07,5.23573105044305,40
"FT-SA205570R",8.68215896753017,-42,88.94,5.02485797627791,-22
"FT-SA205572R",9.64239860885508,-38,69.99,5.5768733654052,26
"FT-SA205573R",9.24043341584267,-24,66.66,4.89416004167495,16
"FT-SA205578R",10.1232639169033,8,66.42,5.41651586836334,34
"FT-SA205580R",9.56345042808668,-26,64.26,4.73177885471234,-10
"FT-SA205586R",9.15337316375927,-26,41.63,5.18029913449223,14
"FT-SA205594R",9.60795042515619,-42,65.15,4.99445006278847,-34
"FT-SA205595R",8.96306448006693,-42,37.2,4.39250033720224,-30
"FT-SA205596R",9.50383008847381,-16,91.53,5.28183548559357,24
"FT-SA205599R",9.6946463527616,2,239.85,5.24570019066884,32
"FT-SA205600R",9.06866494351966,-42,42.45,4.8117767704377,-14
"FT-SA205602R",8.95233080971003,-42,49.77,4.57054764406989,-26
"FT-SA205603R",9.61682334217932,-42,54.91,5.22853233539637,-22
"FT-SA205604R",9.39161078925033,-36,44.61,4.89288758861733,-6
"FT-SA205605R",9.69361074443383,-38,73.64,5.05418797417248,-2
"FT-SA205606R",10.6816087312526,12,92.65,5.10037375038074,-2
"FT-SA205608R",9.61145714585996,-42,41,4.61973221266586,-36
"FT-SA205609R",9.9546196932782,2,58.17,5.19627687017948,30
"FT-SA205611R",9.83227955554838,-38,38.57,4.79351449964023,-30
"FT-SA205612R",9.74920022705577,-22,41.98,4.94423013878918,4
"FT-SA205615R",9.97621785975765,26,117.77,5.17284109786164,42
"FT-SA205617R",10.0529005053599,-34,56.45,5.16696944772393,-12
"FT-SA205629R",9.74532654543307,-14,85.35,5.26376516603734,32
"FT-SA205640R",9.57112265808699,-40,42.9,4.95056921962261,-26
"FT-SA239552R",9.0008008670775,-36,95.63,4.69651722445754,-8
"FT-SA239554R",9.26030057137771,-26,85.9,5.08430881668851,16
"FT-SA239555R",9.30829469787564,-30,104.05,5.09073451394854,6
"FT-SA239557R",9.58411240000343,-40,60.72,4.91610298763724,-26
"FT-SA239559R",9.88452636633604,-18,87.97,5.078256438895,-4
"FT-SA239560R",9.30935915504975,-42,75.21,4.90041716543938,-26
"FT-SA239561R",11.2661799838125,22,45.77,4.4739680437036,-36
"FT-SA239568R",9.62274606234295,-32,54.01,5.04510470755612,-2
"FT-SA239590R",9.06580815233558,-26,56.51,4.9319478969244,24
"FT-SA239591R",9.76512221178188,-22,158.36,5.4862696128589,22
"FT-SA239592R",9.20483541254093,-24,86.98,5.33282345922402,24
"FT-SA239593R",9.01569875000185,-18,60.34,4.89359471852824,30
"FT-SA239594R",9.7864360529991,-36,131.94,5.30683076432066,-8
"FT-SA239595R",9.03044094250693,-38,53.92,4.44635516116379,-24
"FT-SA251574R",9.66524155069751,-6,98.07,4.79543245451806,10
"FT-SA251575R",9.61723803648687,-20,104.91,4.77318357108665,4
"FT-SA251578R",9.9304698781696,-34,33.73,5.01909956257548,-16
"FT-SA251579R",9.77672343083479,-26,55.62,4.85435133860213,-8
"FT-SA251583R",9.66299473302142,-30,72.04,5.090520630958,-8
"FT-SA251584R",9.77089629744569,-28,174.29,4.98669162209213,4
"FT-SA251587R",9.55274441805828,-18,121.42,5.50034699875537,34
"FT-SA251589R",9.54958973641984,-32,37.48,4.74823269505552,-18
"FT-SA251591R",9.5162087717706,-40,75.21,5.13189115883113,-14
"FT-SA251593R",9.91644900591152,-34,35.11,4.69517132817985,-32
"FT-SA251595R",9.60076429081059,-28,65.79,5.62255882479815,30
"FT-SA251597R",10.0991175071365,-4,162.1,5.57924893093986,18
"FT-SA251598R",9.38217920849152,-34,40.9,4.67170353395135,-14
"FT-SA251602R",9.97351180805588,-12,87.01,4.98466492954305,8
"FT-SA251603R",9.73522376419047,-26,79.44,5.34986303275028,18
"FT-SA251609R",9.58633423547333,-28,57.21,5.37403781786723,24
"FT-SA251611R",9.8922203323972,-4,70.53,5.23637628827995,22
"FT-SA251613R",10.2091277495643,-6,54.63,5.56496876018917,14
"FT-SA251619R",10.2070377395744,-14,84.23,4.87013124179628,-8
"FT-SA251620R",10.4924396653448,-4,170.91,5.61872776596112,22
"FT-SA251622R",9.13675574759383,-38,80.97,5.27289198924526,8
"FT-SA251625R",9.65436503395956,-34,102.83,4.96409415091938,-14
"FT-SA251626R",10.6505449168493,8,228.73,5.38930128243254,10
"FT-SA251627R",10.2792191912795,-6,113.69,5.3226799010738,4
"FT-SA251628R",10.3990416374692,-14,117.7,5.51706989612448,8
"FT-SA251629R",9.77866149203892,-20,136.01,5.0623655057831,0
"FT-SA251630R",9.79420298827145,-26,115.17,5.18286557754682,-4
"FT-SA251632R",9.66892939433123,-16,109.06,5.21653499030426,18
"FT-SA251634R",10.322193641856,-32,71.54,5.2554082522254,-18
"FT-SA251637R",10.3978607723564,-18,177.26,5.29730336442378,-8
"FT-SA251639R",9.51815042914666,-24,958.87,5.24576287911749,24
"FT-SA251640R",9.75048992370401,-38,80.88,4.90226881978447,-20
"FT-SA251641R",10.040222582926,-28,90.61,5.04173839788434,-14
"FT-SA251645R",10.1567744199238,-10,95.04,5.05115873037794,2
"FT-SA258890R",8.71917525718954,-40,27.18,4.16331526501152,-26
"FT-SA258894R",8.64779600727139,-44,49.62,4.5541740902373,-18
"FT-SA258896R",8.8167750241689,-42,23.15,4.23556425481446,-40
"FT-SA258900R",8.82987605721161,-30,81.55,4.2631237933141,-6
"FT-SA258926R",9.24628693081408,-44,38.47,4.93612491421745,-30
"FT-SA258927R",9.47513186988188,-44,29.34,4.85422428299665,-28
"FT-SA258929R",9.3991017115605,-42,34.22,4.67853441700814,-30
"FT-SA258932R",9.90403471976033,-32,48.62,4.74099949340318,-28
"FT-SA258933R",10.1396431759194,-34,67.25,4.92566095464885,-30
"FT-SA258940R",10.2708137193945,-24,41.9,4.72690256494213,-34
"FT-SA273702R",9.83198019873847,-8,29.64,4.7163810200163,0
"FT-SA273707R",8.9410379392917,-40,32.98,4.54908105310189,-32
"FT-SA273711R",9.46857228259601,4,33.2,4.72293960058184,24
"FT-SA273715R",9.31454176213441,-40,25.2,4.46667199059554,-28
"FT-SA273716R",9.64266124431837,-44,36.47,4.94701808116353,-32
"FT-SA273727R",10.2471875258777,26,51.51,4.69701537340746,14
"FT-SA273729R",10.2253901745916,-30,18.7,3.99329401772831,-44
"FT-SA327715R",10.926051779701,20,95.37,5.88399365626826,22
"FT-SA327716R",10.3788891665452,-8,96.29,5.64965818596115,16
"FT-SA327717R",10.7453952820334,-32,57.34,5.39891081956016,-30
"FT-SA327718R",9.31246450061797,-32,89.62,5.08584704032869,6
"FT-SA327719R",9.5529201742676,-30,58.99,4.63768000987119,-14
"FT-SA327720R",10.1399390360603,30,68.17,5.10293731830224,40
"FT-SA327752R",10.295619140811,-8,199.39,5.3400595858356,14
"FT-SA327760R",9.35611397338769,-30,30.6,5.13819447875034,4
"FT-SA327761R",9.5343798339966,-16,59.49,4.86721618829021,14
"SL218335",9.51049755623302,-20,3.81,2.67873492140714,-44
"SL218351",10.7020692935079,16,18.34,4.6408734193326,-20
"SL242330",10.7786387949359,24,13.5,4.27007723785816,-22
"SL242339",10.8435651644194,32,49.74,4.84486361144298,0
"SL242346",9.58742048264105,-10,22.14,4.65424996862509,0
"SL242356",9.69081887994418,-34,17.27,4.3961168841986,-38
"SL242378",10.1729698196492,0,18.4,4.73092784942265,-10
"SL242386",10.909078063731,36,48.87,5.34263533153375,20
"SL242387",10.5842311287064,12,18.17,4.8452866706006,-12
"SL242391",10.5487705296002,32,89.9,5.3834758472204,34
"SL242455",10.608413855421,22,38.77,5.23871351321898,18
"SL243563",10.5398817964617,14,24.92,4.83848003164825,0
"SL243564",10.6519814226185,30,21.51,4.44042687651129,-14
"SL243572",10.3857664556611,24,25.02,5.0060747363108,10
"SL243587",10.4263615806182,10,39.58,5.07075259512701,4
"SL243588",10.1921708738625,10,22.89,5.18475560109245,8
"SL243607",11.0293911521203,32,67.27,5.30797368421903,26
"SL250175",10.1999080108574,4,17.25,4.28346418770931,-30
"SL254406",8.70908358534838,-42,24.08,4.88096839171239,-6
"SL254410",8.86856509752262,-28,59.51,4.93468321590042,18
"SL255305",8.35453423257297,-40,32.1,4.20486146644406,-32
"SL255309",9.281087666644,-40,42.66,4.53304124650086,-22
"SL255310",9.62406370629408,-20,37.86,4.74689147948496,2
"SL255312",9.95497464946633,6,66.77,5.03008212894397,22
"SL255344",8.86242331062482,-44,41.94,4.85798370376046,12
"SL255347",7.4414653142071,-44,17.58,3.37313000708291,-34
"SL256562",7.60760757984793,-38,38.44,4.39148495338608,-6
"SL256568",8.47102289320179,-38,13.2,3.97256170340015,-22
"SL257380",9.44883480345761,-2,14.86,4.85070655863469,16
"SL257408",9.1521840698305,-12,50.94,4.64527003733787,6
"SL257412",9.76779255164566,-2,54.76,5.49701605533296,28
"SL257413",8.2098768134105,-26,16.93,3.80967041168158,-10
"SL257414",9.43721092423148,-30,32.09,4.60694989982738,-14
"SL257415",6.42551548725013,-36,48.86,3.19134674201111,-22
"SL257901",10.5343456806715,-2,49.7,5.07934906065348,-8
"SL271853",9.96042811937283,-8,14.27,3.09797691027408,-44
"SL271882",9.82529807444031,8,11.21,3.16543274962226,-36
"SL271887",10.5667338087646,32,81.64,4.56981625526526,0
"SL271904",10.6888490579797,8,61.49,4.89895515551372,-14
"SL310653",9.66866600440828,-40,15.81,4.06957893220063,-42
"SL310669",10.0722760647061,-32,37.79,4.92978976407113,-34
"SL310688",9.48574853354962,-30,22.98,4.27416281392638,-34
"SL316680",10.3542691845625,2,16.32,4.2854769612921,-42
"SL330200",9.7433229526223,-30,13.56,3.31788399169281,-42
"SL330257",11.4842937352274,32,42.83,4.82669922734755,-16
"SL330275",11.9175465024944,12,24.38,5.52849651276331,-22
"SL331579",10.6660218050259,20,23.19,4.47365173557399,-20
"SL337316",10.9740481242141,40,30.3,4.77683937763358,0
"SL337318",11.5109434195668,32,43.39,4.73917449422958,-32
"SL337319",10.6862268883664,8,12.72,4.11528283700069,-42
"SL337320",11.2337446945358,30,28,4.75711473970795,-28
"SL337366",11.7061439221404,36,49.78,5.63541712628095,18
"SL341283",10.6421220523925,34,12.64,4.01626896460033,-30
"SL341286",11.0796572747174,36,29.76,4.72545743836474,-14
"SL341336",11.7704664951711,40,46.49,5.64881721763744,24
"SL342653",10.8944143670033,34,20.32,4.80758513628741,-6
"SL342685",10.2734401467754,26,31.61,5.06737315413036,24
"SL342692",11.4518882064028,22,56.5,5.55983875452455,8
"SL342699",10.9907196185985,28,29.57,5.12488887365539,-2
"SL342711",11.6336587298739,32,49.77,5.79935715488902,18
"SL342728",11.5919894191634,26,47.75,5.67637237004151,2
"SL342734",11.1760948685938,30,31.94,5.7047041659085,26
"SL342738",11.3876169220574,38,184.23,5.45244487298283,32
"SL346383",11.0622250447489,32,34.8,4.84907578533507,-6
"SL346439",10.7932007891908,24,356.81,5.61003022981254,24
"SL346443",10.8851154902358,40,87.63,5.2991931285317,38
"SL362823",10.9053892195077,40,69.92,4.99547164731495,14
"SL362848",11.4315024613517,12,61.46,5.74499065833299,8
"SL362849",11.6676579080849,34,125.91,5.80191806545496,22
"SL371031",10.7798956917381,16,18.46,3.95750633579541,-38
"SL371032",11.2716111731367,30,26.63,5.26826762482102,10
"SL371034",10.5856743303563,34,27.73,5.08402044379831,30
"SL371035",11.0769598161385,8,19.28,4.94939343339155,-26
"SL371088",11.2545996459198,2,52.41,5.90460354278428,-4
"SL371089",11.0549610255731,42,29.1,5.3867198908346,34
"SL371092",11.9898584394139,38,83.64,5.94757206590689,16
"SL371493",9.73407711287235,-24,77.2,4.62055038785241,-16
"SL371496",9.65555361537163,-22,41.62,4.4758842102491,-10
"SL371498",10.4707035981492,18,52.36,4.55025744340479,-6
"SL371508",9.87167962610072,2,181.3,4.61857324852077,10
"SL371511",10.0044496564837,18,65.56,4.70103764207031,14
"SL371512",10.7845008578694,34,69.03,5.03690159997526,30
"SL371513",10.0366163846443,14,45.02,4.61458808765807,6
"SL371518",10.3111158667332,-26,55.28,4.94518254985622,-26
"SL371521",10.6947120414271,26,36.04,4.71718357273908,-22
"SL371524",10.2878280107247,6,38.49,4.62220750414925,-14
"SL371527",10.8523975902976,28,39.6,5.08911221791398,18
"SL371529",10.8996661214278,26,199.51,5.42631192856975,22
"SL371530",10.8966748469567,36,77.75,5.18376669850942,18
"SL371531",10.4927990796512,22,121.86,5.41289676449573,24
"SL371532",10.7865383156726,40,54.61,5.19982166036963,30
"SL371535",9.65815975413467,-16,44.76,4.49007780345484,-14
"SL371549",10.4792084188133,20,60.86,5.18847118997782,18
"SL371550",10.4381234602724,-8,52.44,4.70163929944743,-20
"SL371551",10.2888852012533,10,57.94,4.79833967374123,8
"SL371552",10.2914965985169,-12,20.48,4.21207089713666,-38
"SL371555",11.0073554283208,42,56.99,5.04322483085749,24
"SL371556",10.9869359991399,22,51.1,4.77746368599956,-22
"SL371564",10.247588598832,22,45.86,4.69861335526439,8
"SL371565",11.2050538686488,38,92.7,5.27771997265046,30
"SL371568",10.2914892654045,20,74.14,5.20112920194756,24
"SL372344",10.6164613756088,42,68.01,5.22179922522859,40
"SL372364",10.215137670297,-2,43.22,4.55257723787544,-24
"SL372384",10.3300786470615,30,94.56,4.95864879015716,30
"SL372413",10.5456981990157,32,91.92,4.78785987421541,6
"SL372431",10.9960149625065,36,77.6,4.88049601063332,0
"SL372437",10.6406422253671,24,84.53,5.34429114498017,24
"SL372441",10.4219476580132,36,59.96,5.07146832388497,36
"SL372455",10.3543728496552,-4,74.67,5.06186643164752,-4
"SL372477",10.6396807307135,10,31.35,4.96295850736895,4
"SL373410",11.345712196488,40,58.27,5.40053486154289,20
"SL375696",10.2376944783465,22,28.38,3.92858629867153,-20
"SL375697",9.67332179050817,2,55.77,4.64490291967796,20
"SL375717",10.1097300201634,-4,88.62,4.86537800702401,0
"SL375718",10.2085253046149,38,60.16,4.95431510740553,36
"SL375719",11.1086451880872,-4,82.22,5.48989937260041,-8
"SL375753",9.8933306254011,2,128.58,4.40262712015795,0
"SL376863",9.9237995984747,16,62.63,4.75188604347677,18
"SL376908",11.2105897239055,26,210.39,5.88350459488056,26
"SL376931",10.3766913616595,24,81.73,5.08672800608856,24
"SL378300",10.1136699541227,8,65.14,4.44254977876716,-22
"SL378321",8.92344864371568,-36,32.56,4.34135735296753,-28
"SL378322",10.536506747668,-20,31.04,4.48167634159382,-44
"SL378323",9.51626413721891,-24,69.46,4.71733333646534,-2
"SL378327",10.7159751074083,26,27.2,4.93673446921638,8
"SL378328",11.0411082110601,42,108.85,5.42542141194441,40
"SL378329",10.8061227343946,16,40.58,4.82508740172387,-22
"SL378330",10.5518215161467,-8,42.85,4.6930725766648,-32
"SL378332",11.6370394025338,30,77.6,5.61936582146497,16
"SL378344",10.5224055418629,30,102.82,4.92521547246362,22
"SL378345",10.0633136197408,-14,53.94,4.64455390091832,-12
"SL378346",10.1046929290975,-36,46.44,4.78500522053716,-36
"SL378349",10.2416242983661,-16,27.34,4.20921318917633,-40
"SL378366",10.7280646378486,-14,45.17,4.8403759563589,-30
"SL378368",11.3650133797642,44,73.74,5.32815468843287,38
"SL378369",9.84885509502354,2,85.31,4.81538487697533,20
"SL378370",10.3894395404124,-10,52.87,4.75716581642441,-22
"SL378371",10.5601004754995,40,65.83,4.81949487955101,16
"SL378372",10.562098146893,0,56.48,4.69021944353013,-18
"SL380052",10.3522493654044,20,32.44,4.64423697413926,6
"SL387120",10.4472507145188,12,31.48,4.65164179662353,-14
"SL387127",10.3313517187563,-22,14.11,3.56116993867865,-38
"SL387173",10.77095184652,14,31.36,4.73483552482493,-26
"SL387175",11.6187214158252,40,49.89,5.66693311072649,28
"SL387193",11.4625801285283,8,62.85,5.79146876973178,0
"SL387201",11.169913667356,36,45.52,5.37570541341864,18
"SL387209",10.5558311580816,34,44.96,4.8467395872191,16
"SL387316",10.8575443526213,38,32.09,4.613046568879,0
"SL387396",11.1925555570314,18,70.88,5.69359132380704,10
"SL394537",11.251327289811,40,46.85,5.10485830663929,34
"SL394539",10.6151147778444,30,42.07,4.66723117657923,0
"SL394540",10.7612822697733,36,18.74,4.27269943375898,0
"SL394562",9.98151967827915,-22,26.42,4.31704009134936,-34
"SL394569",11.3455140758562,44,157.72,5.52969980364318,34
"SL394570",11.7018345013261,40,81.14,5.89796065882663,36
"SL394589",11.4218079866758,30,70.64,5.60061469217112,18
"SL398269",10.4646952204007,6,53.71,5.0158333678073,6
"SL398425",10.7932797288016,34,122.11,4.94875415899598,18
"SL398427",10.8458323100776,34,105.32,5.24529821569479,22
"SL398428",10.7590327314805,24,82.81,5.02816049670606,12
"SL398429",10.4045379360501,32,59.66,5.12402200724479,34
"SL398430",10.3588326247661,8,24.38,4.37764873716442,-24
"SL398431",10.6431449367551,16,68.2,4.87147270916039,4
"SL398432",10.5183319065824,14,57.97,5.07034220505748,6
"SL398433",10.1507984002341,-18,46.86,4.69940468444875,-22
"SL398434",10.4038573634228,12,41.71,4.91414899157265,6
"SL398437",10.6471775318014,12,60.69,5.11103629279256,8
"SL398441",11.0412096112287,20,56.24,5.35300656656676,4
"SL398442",10.4705235510155,32,50.37,5.08574377204142,32
"SL398443",11.1326385293395,30,183.05,5.57833543586954,28
"SL398468",11.3675681069742,40,69.59,5.35916938990283,10
"SL398469",10.2112481893119,-28,45.19,4.93038060839662,-30
"SL398488",10.7630442599169,34,38.69,4.73787107234557,-10
"SL398489",11.0298767963478,30,91.11,5.56888810086379,28
"SL398493",10.7083590059764,4,30.09,5.24414576255996,-4
"SL398494",10.676139489362,30,51.82,4.98406620691917,16
"SL398509",11.0801156865162,36,125.96,5.31537188512545,26
"SL411676",9.5071218282439,-38,58.33,4.39111169365673,-38
"SL411685",10.137830627861,24,98.84,4.62087354765519,16
"SL411725",9.71110823112194,-30,25.02,4.37099151966124,-30
"SL411736",11.1615139991456,30,81.14,5.8558316253628,30
"SL416504",9.52794599745072,-34,31.07,4.08036379810447,-36
"SL420713",10.9877687816137,32,61.89,4.95333285194171,12
"SL424179",10.1495400313421,6,72.04,4.66828049703994,4
"SL424181",10.2169640682169,28,62.35,4.7147491105522,10
"SL424204",10.6492418572367,-14,39.66,4.84359225975236,-32
"SL424206",10.1481794940945,12,45.91,4.8346159156525,8
"SL424227",10.7403533694819,24,45.05,5.09825128535558,14
"SL424228",11.7500702352775,32,204.16,5.9070070974485,28
"SL424231",11.8698540392667,42,174.45,5.68102229287904,32
"SL536420",10.4017641284121,-2,14.31,5.35380954958353,6
"SL536428",10.1053841074906,-10,16.01,5.30568955328453,8
"SL542750",9.96680245556405,6,13.46,5.17661050872802,30
"SL542756",10.5277449503487,24,30.74,5.41603860511598,26
"SL542762",10.8217475214632,24,22.99,5.6600233601842,28
"SL542766",10.4525205012813,22,21.16,5.41964119081113,32
"SL542769",10.4981686039324,8,25.6,5.79649267029901,32
"SL542771",10.3080216978314,-12,10.71,5.45053452961025,8
"SL542784",10.6528177145032,24,19.43,5.63230449961108,28
"SL555515",10.6023702852907,4,28.06,4.94370253522511,-10
"SL558527",10.5726745855723,16,43.65,5.01724537133662,-2
"SL558825",10.5067410149709,32,69.95,5.18581861685539,32
"SL558846",10.9505317862482,0,53.44,5.01223093323921,-24
"SL558847",10.3816885897031,-20,38.37,4.58214731518095,-36
"SL558901",10.2382935351145,14,95.43,5.03021368147903,16
"SL558904",10.3446708438144,16,74.6,5.0611670501876,12
"SL558911",10.4196684609256,14,63.08,5.03299785770581,8
"SL558914",10.4892988174095,22,41.87,4.87669860046685,2
"SL558925",10.1854684212125,-8,41.4,4.77656105442476,-12
"SL558929",10.7439263528918,38,75.82,5.34105337800747,36
"SL558932",11.0358604432156,40,78.99,5.58551576899836,40
"SL558947",10.5004001289825,12,46.9,4.753532668405,-16
"SL558949",10.566472700411,30,120.63,5.08656728516883,20
"SL567583",10.556048367801,-14,30.74,4.39521614335992,-34
"SL567585",10.9094596097187,34,64.98,5.00484169269175,6
"SL567586",10.2617038520557,-26,44.52,4.37900434403243,-38
"SL567589",10.1330977410363,-24,42.58,4.26571866342259,-40
"SL567590",10.7703163867531,14,112.66,5.44025121128469,14
"SL567592",10.7821256360209,18,77.73,5.01325259701305,-10
"SL567593",10.4248326516014,42,124.85,5.03456760969486,32
"SL600900",10.0285103241345,-26,66.38,4.72061114876467,-22
"SL619870",11.347269034146,36,373.48,5.41074561738284,30
"SL652404",11.0355540043984,2,13.69,4.12743117736176,-40
"SL652405",10.9265270873229,30,35.2,4.36888555640224,-22
"SL652431",11.4529040293494,36,143.93,5.38680101271367,10
"SL652438",11.06602657091,40,209.03,5.51533851776126,32
"SL656435",10.3734733993809,-6,46.3,4.82009408012228,-18
"SL656463",10.3269724409367,0,42.65,5.07199397460075,-2
"SL656464",10.4066765455355,32,29.57,4.1732421907702,-10
"SL656465",10.6105470798285,38,69.06,5.11848055288284,38
"SL656467",10.3126622159063,-30,38.35,5.30281856302598,-18
"SL656495",10.4090039501348,36,33.6,4.65213650607857,4
"SL660622",10.3937552864308,14,51.52,4.61002211793372,-10
"SL660623",10.4036777683289,2,36.6,4.37592034288599,-30
"SL660624",10.4890697512359,26,48.03,5.13371841863146,22
"SL660639",10.6618047882177,28,177.89,4.88881604047433,0
"SL660643",10.3581382042388,12,35.16,4.79084422515527,-2
"SL660644",10.2898691223138,32,49.3,4.65846935510556,16
"SL660663",10.756000550168,10,54.17,5.3527317265987,-2
"SL660664",10.6464545961582,2,42.05,4.99541550617531,-10
"SL660666",10.2249330393025,-20,27.28,4.5274236167449,-30
"SL660688",10.7740453435445,38,49,5.21107739260022,22
"SL663183",9.95468259452932,-8,81.85,5.12008355533194,24
"SL663210",10.8273524740478,6,34.33,5.07643677602165,-24
"SL663231",10.8372976708901,10,40.25,5.0365617287127,-16
"SL663233",11.0754950564772,24,57.74,5.41090648720723,12
"SL663254",10.3122141171704,-8,22.83,4.40012436915225,-20
